,mean_r,mean_g,mean_b,stddev_r,stddev_g,stddev_b,mean_h,mean_s,mean_v,stddev_h,stddev_s,stddev_v,label
0,119.29478454589844,106.8016357421875,92.03549194335938,78.33656958547606,71.58770806538519,59.998002266462905,106.77279663085938,62.46043395996094,122.119873046875,26.75827752271373,30.69706857341808,78.39119476748473,1
1,118.74525451660156,107.79957580566406,95.66383361816406,77.77383048072122,71.19744867063534,60.51864903043844,111.03193664550781,60.17706298828125,124.71426391601562,25.684164429437235,29.20725703557133,77.97310637508893,1
2,110.48602294921875,99.06620788574219,84.44697570800781,80.32443228907363,72.64177125182714,60.44119579490315,106.93634033203125,67.43132019042969,115.08203125,27.327048027402935,33.72710469983107,80.9821928253957,1
3,114.86831665039062,101.52442932128906,87.39717102050781,81.59865768419616,73.2827896718935,61.88103454577083,104.75465393066406,63.363250732421875,117.11651611328125,31.51936981978756,33.31289631461494,81.67159421985905,1
4,129.9732666015625,117.47969055175781,101.37503051757812,78.5716499008256,70.52759817699845,58.85226856872302,109.16828918457031,64.62510681152344,136.226806640625,27.19633840109941,30.29602842816341,77.73342461201507,1
5,127.3106689453125,116.27749633789062,103.28408813476562,72.29247925664221,67.21075990133484,57.322911751378214,112.40185546875,61.131622314453125,134.43740844726562,22.14531735572447,27.206695199915472,71.62085388320664,1
6,139.73854064941406,124.00515747070312,108.54002380371094,73.26308898574764,64.10599350744263,53.20803497809238,113.45732116699219,61.14080810546875,144.9754180908203,23.370298392922678,29.476770241470653,71.90677556340592,1
7,117.80158996582031,109.78759765625,96.2110595703125,79.27934410916399,74.5228985263967,63.41512972260431,107.09397888183594,63.412322998046875,127.85948181152344,24.14076348313927,31.89372300911263,79.76377448040174,1
8,110.88687133789062,95.69535827636719,80.68942260742188,82.49156425711357,71.9012807366436,60.1444078882496,100.66450500488281,71.69198608398438,115.22653198242188,37.08196694918118,39.59541760356845,82.98442822330011,1
9,118.82266235351562,111.88845825195312,97.41804504394531,80.76847198014568,75.6163735384759,63.886225399817995,108.9295654296875,62.78935241699219,128.52589416503906,22.16030287126746,31.816310814130524,81.10935920282566,1
10,114.85838317871094,103.87837219238281,88.90469360351562,76.15877838676514,70.87476097265723,61.0381353918246,103.72100830078125,72.58711242675781,120.67845153808594,27.698995621790797,37.21760587818634,76.6409064216273,1
11,111.77548217773438,101.70866394042969,88.49873352050781,74.70895334994307,69.65945108436894,60.05533183404127,100.82246398925781,67.29727172851562,117.283203125,32.724059888542456,33.17263640461965,75.13891977845044,1
12,112.29537963867188,102.17533874511719,88.97712707519531,74.68833538948282,69.59468294447387,60.04114351588852,100.17878723144531,66.22116088867188,117.64471435546875,33.131380703175104,33.53403997989268,75.07770871789802,1
13,113.56443786621094,103.47248840332031,90.02017211914062,74.70567470979285,69.66764672144342,60.04131666286975,100.81211853027344,67.3150634765625,119.1708984375,32.36179571298777,32.67822100531396,75.04153654675709,1
14,113.13978576660156,103.0811767578125,89.696533203125,74.8716174573952,69.77564209953464,60.193901398474,101.54257202148438,66.53311157226562,118.63542175292969,31.729419008871954,32.772924456812014,75.24548794035711,1
15,113.34390258789062,103.25662231445312,89.77023315429688,74.81518112627482,69.72221823453673,60.11861954247377,101.27287292480469,66.93507385253906,118.82106018066406,31.89439734487681,32.88565986945491,75.16251969332491,1
16,113.6500244140625,103.35194396972656,89.91049194335938,74.66360440831659,69.63010697732425,59.97187870272173,101.74560546875,67.40715026855469,119.21641540527344,31.498541597634944,32.59753267496989,74.99314580296067,1
17,112.42860412597656,102.05889892578125,89.00186157226562,74.40708197437709,69.22058743969615,59.83226444286327,100.28363037109375,66.14549255371094,117.49867248535156,32.97627882568842,32.87256122515822,74.73466899766687,1
18,113.898681640625,103.55961608886719,90.2327880859375,74.54126055165096,69.52331932035743,59.9403464472538,101.47666931152344,67.12811279296875,119.49453735351562,31.878863489284374,32.41437892565143,74.85975800519925,1
19,113.41329956054688,103.32899475097656,89.81172180175781,74.63197397516886,69.64190978508128,60.03456237141805,100.57398986816406,66.80865478515625,119.00413513183594,32.083223655035326,33.013158436124804,75.01133803859997,1
20,113.58897399902344,103.3756103515625,89.86053466796875,74.4391203292013,69.4048453775623,59.92146543909308,100.41181945800781,67.10914611816406,119.11065673828125,32.104083164492316,32.9400242982963,74.79199116281096,1
21,113.05767822265625,102.83061218261719,89.55642700195312,74.73376737437215,69.65630001385274,60.003220450497075,100.45320129394531,66.37615966796875,118.41741943359375,32.7747384249886,32.954503668082495,75.07473643192561,1
22,112.69857788085938,102.8040771484375,89.48728942871094,75.10578961843119,70.01018126975345,60.36080802615455,100.24520874023438,66.70526123046875,118.43508911132812,33.43587893438901,33.4810420413833,75.51044334982466,1
23,113.10432434082031,102.80667114257812,89.43040466308594,74.73239160387705,69.55586363452815,59.85935544525276,100.64263916015625,66.54791259765625,118.31817626953125,32.765172017428945,32.7410288290897,75.03402908316535,1
24,112.59561157226562,102.86106872558594,89.43731689453125,74.46252839541897,69.4636526257703,59.91055554573828,100.29544067382812,66.39334106445312,118.31538391113281,32.64859399211188,33.07857440345378,74.89691547820732,1
25,144.84677124023438,137.74362182617188,122.69184875488281,75.2444603260967,67.19797637412087,54.63519288181368,111.03329467773438,51.035400390625,155.2259521484375,27.193832705530635,25.6460927715912,71.89170556758046,1
26,139.86648559570312,132.08743286132812,117.21202087402344,77.14989177317639,69.32221178070265,56.95642203810187,110.60006713867188,51.969451904296875,149.3036651611328,28.390808208259035,26.659511165132958,74.7984270144247,1
27,140.24319458007812,131.5010528564453,117.05433654785156,75.83807630618014,67.99504294866436,55.9847355212324,110.62794494628906,51.45201110839844,149.02040100097656,28.884650709236997,27.09822725218043,73.56794346287502,1
28,142.56044006347656,133.24974060058594,118.21617126464844,74.43619530156909,66.58391072621288,54.02940055746129,111.57841491699219,52.32780456542969,150.62319946289062,27.737139779044945,26.25120288077084,72.08374909547867,1
29,140.1925048828125,131.87399291992188,116.39454650878906,75.57500681606982,67.34762661876522,54.747840206228574,111.0615234375,52.82359313964844,148.8932647705078,27.83154849841746,26.45203984557129,73.34812114023576,1
30,129.8225555419922,116.44384765625,101.748046875,74.70078553328283,65.56948304603337,53.433408810345476,109.22807312011719,56.48597717285156,134.55001831054688,30.08615558153441,29.12276941047519,74.10869039831547,1
31,122.86807250976562,107.11056518554688,92.03041076660156,72.8894099236922,63.35002325365147,52.201772583917574,110.89476013183594,60.92906188964844,124.77729797363281,27.066091718836198,32.44342544530895,72.65760254368651,1
32,126.21244812011719,113.48626708984375,100.48898315429688,75.81466312802031,68.8802399225499,58.21840482709512,109.51602172851562,55.93165588378906,129.80409240722656,27.384304517902503,27.610056122306172,75.53058451865537,1
33,125.8751220703125,113.05685424804688,100.11186218261719,75.44011025695019,68.48488123327576,57.780784287448085,109.38880920410156,56.26814270019531,129.49853515625,28.122434169166347,27.485248542740145,75.15243053446139,1
34,127.55133056640625,114.59555053710938,101.54135131835938,75.31739393096298,68.63313705619856,58.16169508303339,109.24089050292969,56.54280090332031,131.25318908691406,26.544856290280666,27.327630835774016,74.9951247432264,1
35,126.36790466308594,113.64230346679688,100.86860656738281,75.58765304604626,68.81244820911353,58.34453270555968,108.67491149902344,55.883056640625,130.08306884765625,27.890155313109755,27.321168059822075,75.29932698238505,1
36,127.19258117675781,114.34815979003906,101.42430114746094,75.86725934513593,68.99546523056911,58.33930540663177,110.91729736328125,55.880706787109375,130.83082580566406,25.514952745286287,27.050006296904282,75.55939106726727,1
37,126.348388671875,113.77052307128906,100.80169677734375,76.04348129332526,69.2186232337463,58.56105270650113,109.52847290039062,56.23451232910156,130.1733856201172,26.960743621387042,27.515281947707447,75.77247662036376,1
38,126.96688842773438,114.59564208984375,101.19061279296875,76.46329292287973,69.39173838615632,58.5174165364556,109.43011474609375,56.39961242675781,131.02647399902344,27.085634396496264,27.275262877921964,76.15583836272775,1
39,126.62852478027344,114.02165222167969,100.95321655273438,76.4981092267487,69.60058650893217,58.868090902411716,108.88137817382812,56.225830078125,130.5825653076172,27.62702922950462,27.73753165212736,76.20679960967574,1
40,127.06120300292969,114.64567565917969,101.40493774414062,76.29274759832425,69.5222241370603,58.89195804352844,108.37210083007812,56.4691162109375,131.1403350830078,28.03824508953388,27.55869853231623,75.97899139938228,1
41,128.4021453857422,115.548095703125,102.16900634765625,76.57280766654281,69.5497868990393,58.65888542202333,110.08427429199219,56.51622009277344,132.27439880371094,25.819414092103823,26.65546082679981,76.20790739170121,1
42,124.87980651855469,112.87445068359375,101.81765747070312,71.70737419098461,66.38566810871338,57.761850834668905,104.88079833984375,53.3221435546875,128.9873046875,30.07536939402195,27.588280183995558,71.53682943960018,1
43,124.88470458984375,112.82635498046875,101.77647399902344,71.95944182326092,66.71032700779745,58.054306988634345,106.5078125,54.18440246582031,129.22747802734375,28.910532305265985,27.67673491437598,71.72831273452078,1
44,124.92800903320312,113.25788879394531,102.34205627441406,71.78862383161163,66.56767448223272,57.96406746014024,105.35362243652344,52.79142761230469,129.30332946777344,30.71670585654116,27.77847671628621,71.60001352763022,1
45,124.864990234375,113.05856323242188,102.35328674316406,71.63437338896728,66.47482020821866,57.938307126976014,104.79647827148438,52.98704528808594,129.27328491210938,30.52355833335704,27.776823809429466,71.43647873166391,1
46,125.11891174316406,113.16658020019531,101.70402526855469,73.79521281119716,67.94012153504056,58.82520768752803,106.61801147460938,54.25901794433594,129.69505310058594,29.93680918600254,27.695131834079632,73.5624838867393,1
47,127.27635192871094,116.57073974609375,105.75747680664062,71.07496704038745,66.48421044735542,58.18141522235493,105.4111328125,51.372314453125,132.68763732910156,30.50323230000365,27.467812730467656,70.63909551330485,1
48,125.2923583984375,113.15420532226562,102.12481689453125,72.33603120238064,66.8245163478411,58.04606075380013,105.73805236816406,53.915557861328125,129.92523193359375,29.990539113104,28.01876983872091,72.08711224806791,1
49,109.46090698242188,98.40727233886719,84.30255126953125,71.32773307366065,66.16357340907908,56.75083069226836,98.50700378417969,70.03691101074219,113.86891174316406,31.285902419537457,34.31399365280052,71.82909994358717,1
50,111.77218627929688,96.42459106445312,83.70365905761719,61.18799884548685,58.20834070184419,52.02703209996538,104.46939086914062,69.207275390625,112.69369506835938,19.602250868369648,34.813934651883926,61.37525150346083,1
51,124.64637756347656,109.64056396484375,97.18244934082031,65.06117536532447,62.170695103580854,55.23077575310519,107.63926696777344,64.89588928222656,128.7823944091797,18.98262068732747,30.27965124047134,65.09689969260495,1
52,137.53213500976562,118.51023864746094,101.39405822753906,62.313309836821084,58.7628719601091,51.38082079748502,107.18414306640625,72.31364440917969,139.7877960205078,12.503655325818757,32.10498469243651,61.930495635522874,1
53,129.02871704101562,111.89505004882812,95.91140747070312,66.89920067582256,62.758671032033234,54.41342785430762,105.35670471191406,74.47920227050781,134.05987548828125,17.052831936546948,31.64793647504172,66.57531913409625,1
54,103.09599304199219,92.26078796386719,81.3685302734375,65.52205736264797,59.265931365493174,49.61021456856564,94.7308349609375,56.74827575683594,106.45179748535156,40.05161844452102,29.467171277935332,65.67788579219656,1
55,142.38987731933594,124.08731079101562,109.46005249023438,62.54863723314617,60.75437709378879,55.669724138804604,107.92942810058594,67.38768005371094,145.97462463378906,11.234277618344516,29.36622344705164,61.641551898227256,1
56,132.84043884277344,118.02116394042969,105.7166748046875,60.3870059845261,57.81454568350905,51.745657655582086,104.463134765625,58.01708984375,136.1358184814453,24.082119935205768,30.835597757150033,59.9821460964608,1
57,133.88682556152344,118.29852294921875,105.11270141601562,60.88154853019239,58.342512113742146,51.87029957810605,105.83489990234375,61.13507080078125,137.41416931152344,20.79188652875325,29.952643682065727,60.43179653549097,1
58,136.39817810058594,121.89253234863281,107.08001708984375,63.880267504078255,61.73028423982743,55.195066235736014,103.87765502929688,60.646759033203125,139.066650390625,21.60705422889319,31.85234155395435,63.62150745464619,1
59,133.7528839111328,118.48304748535156,105.39723205566406,60.887893840876785,58.34888302578197,51.98629578074902,105.81629943847656,60.39024353027344,137.2754669189453,21.558720594439865,30.59970368926583,60.44597010097734,1
60,136.8893280029297,120.71878051757812,107.40089416503906,60.459978507263074,58.12893120381303,51.47643982670806,106.76380920410156,61.22334289550781,140.24169921875,18.57590768587694,29.303381550926684,59.870044795880204,1
61,134.38587951660156,118.79458618164062,105.65599060058594,60.82013267837607,58.53648069999897,52.087557116701625,105.8172607421875,60.82676696777344,137.8260498046875,21.287289029717897,30.38138272396215,60.37192225447724,1
62,135.21241760253906,119.56443786621094,106.56448364257812,60.68733178342597,58.410672302046166,52.126924327156104,106.20912170410156,59.79185485839844,138.43365478515625,21.779190640240245,30.673257402294436,60.22277033496821,1
63,136.0898895263672,119.84989929199219,106.28700256347656,60.61053375507592,58.15629571361982,51.40451661222928,107.2401123046875,62.03395080566406,139.46734619140625,18.12112515523483,29.334813315744018,60.05781771867152,1
64,135.21788024902344,119.2899169921875,105.90180969238281,60.74588286185996,58.42325998076639,51.79515297284943,107.12248229980469,61.95600891113281,138.79696655273438,18.82418828567529,29.574822191025596,60.213977531495395,1
65,135.40802001953125,118.65277099609375,104.79550170898438,60.841707002051045,58.58395861637664,51.68004111537889,107.90567016601562,64.4053955078125,138.9279327392578,14.886961596110238,28.867341701885493,60.32733972663262,1
66,135.809814453125,119.33192443847656,106.18063354492188,60.38900834765892,58.130299795095915,51.60158906309865,107.05906677246094,62.00726318359375,139.04830932617188,18.75490754156784,29.234372531902487,59.88581015367279,1
67,134.33474731445312,118.38575744628906,105.35733032226562,60.58504471172564,58.27071116097115,51.948153844419956,106.46745300292969,60.831390380859375,137.42335510253906,19.49268715591096,29.92645527925901,60.159402186675116,1
68,136.18563842773438,119.87272644042969,106.49822998046875,60.47062203412878,58.114131761148826,51.565046367445426,107.44889831542969,62.054901123046875,139.6451873779297,17.078640015240612,29.43850310173047,59.889342759723924,1
69,134.606201171875,118.78315734863281,105.48307800292969,60.604199783263255,58.16607769252378,51.59992327329642,106.64143371582031,61.35813903808594,137.9805908203125,19.214199732425623,29.740313610338962,60.14176257564804,1
70,135.46470642089844,119.49757385253906,105.98374938964844,60.99512179095113,58.65650176401533,52.044987466755465,107.65907287597656,62.187255859375,139.08338928222656,17.430974214882372,29.590043572988076,60.4307484248505,1
71,136.12979125976562,119.95262145996094,106.6092529296875,60.49266373416424,58.21087221531635,51.847400906791286,107.14839172363281,61.31340026855469,139.2289276123047,18.70214265613801,29.782752226723904,59.98288462335856,1
72,136.93716430664062,120.32278442382812,106.71176147460938,60.66641516418211,58.16093162041006,51.254912525110974,107.30215454101562,62.673431396484375,140.55738830566406,17.410820455737788,28.958593544172217,60.01657513396519,1
73,134.7190704345703,118.81776428222656,105.89720153808594,60.91242182356793,58.36491154068476,51.9220158338695,107.17388916015625,60.700103759765625,138.17141723632812,20.23097083120014,30.176127839659678,60.40085723202537,1
74,135.7692413330078,119.46096801757812,106.03010559082031,60.94679181420827,58.44395750952738,51.721164738058725,107.48707580566406,62.7427978515625,139.5092010498047,18.485503028671232,29.441113318815297,60.34052898380789,1
75,121.19754028320312,106.14591979980469,92.1737060546875,61.77507376622743,59.09402829757408,52.87119988824332,105.56329345703125,65.84860229492188,122.8916015625,17.445568538000654,31.746371764956123,61.941348228660765,1
76,121.17292785644531,106.01844787597656,91.70175170898438,61.751532928170505,59.112900212775216,52.730031713342534,106.09861755371094,67.32951354980469,123.08538818359375,14.69241400651514,31.409704984014095,61.929547325206386,1
77,121.28813171386719,104.95826721191406,89.60746765136719,61.99646013169285,58.9953457384496,52.49231323722479,106.48896789550781,72.14263916015625,123.1434326171875,10.130905895784096,31.99252818832136,62.169821673292695,1
78,120.7481689453125,105.57810974121094,90.89471435546875,62.20325449439212,59.603151572989674,52.8297036988811,106.1978759765625,68.54353332519531,122.81599426269531,14.324634692121931,30.889837565298638,62.413985254434664,1
79,122.37651062011719,106.74270629882812,92.25785827636719,61.744668534328305,59.01336020980435,52.646876984338164,106.23976135253906,68.00480651855469,124.18528747558594,14.25125043227706,30.847607399811206,61.88537523668399,1
80,122.91468811035156,105.34915161132812,89.19837951660156,62.50184274886265,59.15354707232901,52.26710892592606,107.10639953613281,76.05426025390625,125.02484130859375,7.438141175949752,31.06374402398617,62.63394357723566,1
81,120.57939147949219,105.56712341308594,90.49629211425781,61.79726104668305,59.40362317939869,52.77126561196626,105.97903442382812,68.90412902832031,122.34599304199219,12.544814194677846,31.057871948236862,62.00186592589316,1
82,104.70672607421875,91.50286865234375,78.94316101074219,60.697757976817144,54.596234037410575,45.42508428600682,97.31341552734375,61.97792053222656,106.08309936523438,32.209221291961775,32.05148395096578,60.679180223621444,1
83,106.17625427246094,92.8360595703125,79.82171630859375,61.13232266762859,55.206088140031866,45.824287666798696,98.26106262207031,62.57630920410156,107.56704711914062,30.909703935126302,31.581479340046123,61.154536799315984,1
84,103.91778564453125,91.0406494140625,78.36045837402344,60.73464445591555,54.70985616004552,45.56334693099863,97.56842041015625,62.324005126953125,105.48298645019531,31.996907371538057,32.245266843561296,60.779957990301334,1
85,104.03321838378906,91.218994140625,78.54704284667969,60.6020286451625,54.48494281423693,45.20942360312966,97.73976135253906,61.47540283203125,105.50559997558594,31.636550815498854,31.96321527279493,60.67269008906874,1
86,104.06314086914062,91.25448608398438,78.66453552246094,60.56643367601104,54.538083785777296,45.35343985224262,97.3189697265625,61.071685791015625,105.44024658203125,31.592500597561063,32.38605919437416,60.603295789378485,1
87,104.81480407714844,91.57518005371094,78.65199279785156,60.98552385467028,55.009101196207546,45.72252326038911,97.95863342285156,62.8238525390625,106.24862670898438,31.067839406268305,32.07900036329582,61.05641478237925,1
88,104.27420043945312,91.09991455078125,78.21864318847656,60.88617262163538,55.054163083234975,45.87820066868973,97.91018676757812,63.12005615234375,105.70442199707031,30.966866132775447,32.30249184794713,61.006510822781536,1
89,104.92532348632812,91.79170227050781,79.14027404785156,60.848945137496344,54.8071483443437,45.647254421849105,97.56527709960938,61.91485595703125,106.29278564453125,31.895391365605004,31.9438405521693,60.84285368621027,1
90,104.68382263183594,91.75520324707031,79.07745361328125,60.62981812371397,54.70471628080372,45.51390129020568,97.8875732421875,61.67787170410156,106.14628601074219,31.449504679710422,31.954318473075826,60.672882558171814,1
91,104.50389099121094,91.65304565429688,78.81669616699219,60.59365065744848,54.595196510837816,45.349276726125794,97.04020690917969,61.86785888671875,105.96745300292969,32.061274765380304,32.02850970985059,60.62543159595576,1
92,103.60832214355469,90.98544311523438,78.70509338378906,60.19157457939125,54.12070934216096,45.076954013547464,96.63130187988281,60.361572265625,105.02613830566406,32.837137362117986,32.43815484148518,60.207848992791476,1
93,104.36752319335938,91.52995300292969,79.00932312011719,60.488925876999375,54.46524104163926,45.308037109083244,97.29913330078125,61.6231689453125,105.85212707519531,32.05330695191247,31.89092638372367,60.45648645773198,1
94,125.56607055664062,106.41252136230469,91.56880187988281,57.10580020372806,54.14301555037674,48.84403112365672,106.38888549804688,72.58523559570312,126.06239318847656,13.344689287530713,29.637376445115297,57.108001099540765,1
95,103.82637023925781,91.03390502929688,78.66976928710938,60.34180357826782,54.24939789511208,45.00394357091472,96.68096923828125,60.97529602050781,105.30490112304688,33.00638072542682,31.88068150868978,60.28655017080154,1
96,115.39302062988281,98.08567810058594,84.42782592773438,62.50698227204797,59.03004982369475,52.54808510709809,105.824462890625,74.03890991210938,116.93968200683594,16.835983097519165,32.364362294228805,62.77778728353875,1
97,114.08963012695312,98.64729309082031,82.17018127441406,60.48916901197025,57.18461322170247,50.229233274757156,105.41778564453125,75.054443359375,114.4466552734375,8.832110747317419,35.25500014449295,60.57482488789813,1
98,97.72879028320312,88.86375427246094,81.14765930175781,58.260654705347804,52.27753602101839,44.26191095958331,85.78245544433594,50.91462707519531,100.21376037597656,44.617727071418834,28.922207730626564,57.100686330180295,1
99,107.372802734375,93.5645751953125,80.17915344238281,61.82461496193531,58.088231649930826,51.1801620734002,101.109130859375,68.1767578125,108.22669982910156,24.70754584941298,35.14428451704178,62.048743858273504,1
100,113.9227294921875,94.84027099609375,74.82510375976562,58.18861798839599,51.69755660531515,40.68725348459398,105.54922485351562,86.46513366699219,114.26667785644531,5.500181993591165,25.869260976866215,58.27030784292596,2
101,112.48432922363281,93.99638366699219,74.70242309570312,57.193792866141074,51.18734530924492,40.648250305734805,105.36372375488281,84.75880432128906,112.75003051757812,5.680940527690585,27.24459937095477,57.26263754676818,2
102,113.62644958496094,94.59011840820312,74.55116271972656,58.224770266296545,51.66668507312948,40.661135230890714,105.48526000976562,86.67570495605469,113.99111938476562,5.5469654498146905,25.841706092371524,58.311866072400825,2
103,113.96131896972656,95.20802307128906,75.50469970703125,57.56670125813809,51.50835951154683,40.71084727468725,105.48919677734375,85.12301635742188,114.24870300292969,5.791281877993873,26.374112008030426,57.634562977219865,2
104,112.79608154296875,93.919189453125,74.16792297363281,57.862801020775976,51.3884853701672,40.43341072222034,105.51705932617188,86.05894470214844,113.08952331542969,5.536266990696998,26.074754294773918,57.935948457218835,2
105,108.60223388671875,87.91629028320312,68.30888366699219,54.089783949242815,46.8675558490871,35.926265709213034,106.19284057617188,92.70283508300781,108.82545471191406,4.619683389752668,25.59866921817619,54.16409607701275,2
106,112.47117614746094,93.4736328125,73.77267456054688,57.757688273368174,51.18899737952133,40.092817060950686,105.70254516601562,86.27195739746094,112.79170227050781,5.622701102855444,25.819284770377532,57.8410689450775,2
107,107.88650512695312,87.1953125,67.77755737304688,54.140472783585835,46.848498693490534,35.75535473638304,106.30783081054688,92.52546691894531,108.0440673828125,4.920826744194001,25.853017267364837,54.19442289218101,2
108,107.25062561035156,86.77165222167969,67.49040222167969,54.21452957647925,46.82530304614617,35.76990258348309,106.23793029785156,92.1090087890625,107.42042541503906,4.88750548358518,25.872444429465535,54.27472612246543,2
109,106.87913513183594,86.35148620605469,67.15904235839844,54.153318490416304,46.69232479881305,35.63535547596449,106.24925231933594,92.31559753417969,107.09385681152344,4.834150428593073,26.10481833233461,54.23075105928918,2
110,107.37545776367188,86.81378173828125,67.54582214355469,54.13773631113033,46.815838869426074,35.821786023932994,106.31387329101562,92.35260009765625,107.56651306152344,4.801818290916879,25.928474085182426,54.20440249275543,2
111,106.00082397460938,85.74272155761719,66.76211547851562,54.19722363381758,46.6589452850432,35.607821503346756,106.20832824707031,91.68589782714844,106.18440246582031,5.141252298415708,26.563800291810168,54.262739733106955,2
112,107.39157104492188,86.72076416015625,67.29383850097656,54.332452864966534,46.88012699567806,35.69316792056782,106.31338500976562,92.89010620117188,107.59603881835938,4.789610010679804,25.60466113120802,54.40417729378984,2
113,106.93904113769531,86.35047912597656,66.97846984863281,54.407553489092614,46.86262708530494,35.68250323768043,106.25392150878906,92.87846374511719,107.14268493652344,4.6280466174565325,25.741434384056962,54.4818564850064,2
114,106.47601318359375,85.85943603515625,66.65524291992188,54.29877136592904,46.706514768296344,35.56142957496381,106.34095764160156,92.84831237792969,106.67169189453125,4.812928497655825,25.9072451184984,54.36926269048196,2
115,115.94277954101562,95.85569763183594,75.55203247070312,59.28908301479362,52.46188341659668,41.4418627380825,105.87451171875,88.25511169433594,116.485595703125,6.019588264725072,27.37608405978141,59.39160109231945,2
116,114.71975708007812,94.33775329589844,73.93132019042969,59.8321276576276,52.46588898804476,41.022806267196124,105.94233703613281,89.56488037109375,115.27095031738281,6.241587467811393,26.88266722952513,59.947032403261936,2
117,114.25103759765625,93.91114807128906,73.55900573730469,59.855294752916784,52.398970641184,40.89584329180136,105.93452453613281,89.47369384765625,114.77156066894531,6.172278028752213,27.03484798359544,59.96736313223678,2
118,115.04496765136719,94.76034545898438,74.29522705078125,59.89290680581122,52.519263809311575,41.085290157267316,105.90826416015625,89.0406494140625,115.59640502929688,6.394444729831955,27.03416872280965,60.002780203051564,2
119,118.16136169433594,97.94880676269531,77.37078857421875,59.234705319874024,52.37505174827315,41.41137163151616,105.71022033691406,87.21006774902344,118.7764892578125,6.161301507585034,27.150970261042524,59.32800206341689,2
120,118.18342590332031,97.49150085449219,76.66372680664062,60.09095330434445,52.69550263847159,41.06446742370529,106.08271789550781,88.16217041015625,118.92457580566406,6.3160989439589965,26.808603839449933,60.20256133580285,2
121,119.02032470703125,98.35671997070312,77.39118957519531,59.78149387563,52.57838482600364,41.09527980919635,105.94746398925781,87.84466552734375,119.70750427246094,6.249113851382149,26.742925459260686,59.87577193676742,2
122,120.95942687988281,100.26094055175781,79.38125610351562,59.28660864015934,52.70241720539148,41.57643055705436,105.91259765625,87.15632629394531,121.66645812988281,6.579856789575487,26.877797659706243,59.360776990481284,2
123,119.34616088867188,98.89015197753906,78.38392639160156,59.0258239861887,52.3672358989114,41.38179610812259,105.93299865722656,86.8134765625,119.99287414550781,6.621844764173255,27.308175501882914,59.109380895027876,2
124,121.5955810546875,100.90318298339844,79.93778991699219,59.19032975683547,52.74064585053826,41.70748205037941,105.8907470703125,86.88490295410156,122.22373962402344,6.152433963901376,26.816365799935006,59.24969743815794,2
125,111.34329223632812,90.75907897949219,72.59970092773438,53.70326487971898,46.62449062333142,36.31630951884785,106.76223754882812,86.62013244628906,111.46022033691406,5.711460071270655,24.591908545300562,53.734670366666826,2
126,117.50225830078125,98.197509765625,78.81138610839844,58.47430607727156,52.16025606853047,41.59327190418425,105.90570068359375,83.75537109375,117.98123168945312,6.433489665768517,25.73973756283649,58.55353215001386,2
127,126.25419616699219,104.58354187011719,83.71176147460938,58.9927477948751,51.44516755156194,39.64434345670297,106.31672668457031,83.13084411621094,126.49980163574219,5.65536334152492,25.672752587097232,58.99972172007754,2
128,106.11250305175781,90.87638854980469,72.88099670410156,51.56973131036943,47.68528598408722,40.339104232506145,105.60356140136719,79.05764770507812,106.25523376464844,12.554606754835802,36.869805274776155,51.60684523382609,2
129,94.43721008300781,75.66427612304688,57.26646423339844,56.21682637502966,50.27288257925989,40.04663795239069,106.04902648925781,113.05392456054688,94.5362548828125,5.168843342192186,40.018544939385265,56.27095446536203,2
130,117.56103515625,98.48988342285156,80.89643859863281,50.50540915640031,45.92773388374265,37.72021807755588,107.40863037109375,79.06001281738281,118.17420959472656,12.584050234009931,30.787807382115947,50.592583427008975,2
131,119.392578125,99.52726745605469,79.89265441894531,59.3981574585151,52.678930527998865,41.631515006609646,106.47578430175781,82.52871704101562,119.88008117675781,8.335889513472333,27.98660719722263,59.45832641889109,2
132,92.3818359375,73.45220947265625,55.500579833984375,56.17527058276891,48.27215926250165,37.25638069506784,105.94601440429688,107.15310668945312,92.4110107421875,6.421236993762647,34.999447132098844,56.16739119234042,2
133,120.75357055664062,101.26536560058594,81.73333740234375,58.84965551652967,52.76862025033811,42.25975362920611,106.13468933105469,81.25599670410156,121.25149536132812,8.627738272295518,28.63267131597165,58.89424545770537,2
134,120.49107360839844,100.3521728515625,80.35040283203125,59.78446174484064,53.06468598417434,41.8641076066014,106.37022399902344,83.45399475097656,121.06207275390625,8.628258356794944,27.95359643557655,59.83886207804664,2
135,117.89494323730469,98.22221374511719,78.93360900878906,59.22895325660002,52.52790409231797,41.45150315540718,106.62837219238281,82.48417663574219,118.47993469238281,8.56228080947483,28.441682167784187,59.30890770717824,2
136,118.79461669921875,99.10906982421875,79.68255615234375,59.16416740858382,52.47098057036511,41.52951873283543,106.42608642578125,82.16886901855469,119.32095336914062,8.657672388008075,28.18788924910842,59.22892509607447,2
137,120.66567993164062,100.23797607421875,80.29425048828125,59.56943967691798,52.78185803893603,41.478073702218026,106.51277160644531,83.47378540039062,121.14826965332031,8.553862786807018,27.839170675125214,59.614264045258125,2
138,120.41523742675781,100.34025573730469,80.58091735839844,59.26885366299003,52.68637451378918,41.63895269845856,106.30979919433594,82.83766174316406,120.96308898925781,8.881703724841788,28.22517205571203,59.322609970524574,2
139,119.75665283203125,99.88905334472656,80.43510437011719,58.923515671996604,52.42365291130779,41.525401970023914,106.58671569824219,82.18428039550781,120.33163452148438,8.608039606448962,28.428778132586142,58.98384264237594,2
140,119.68434143066406,99.43316650390625,79.37080383300781,60.26129563319426,52.982779137097374,41.48114543103115,106.53425598144531,83.84686279296875,120.4129638671875,8.962019652639562,27.92053147424698,60.33997961587008,2
141,118.94677734375,99.33148193359375,80.00074768066406,58.85332767012336,52.31115573430729,41.542662045501075,106.30706787109375,81.7684326171875,119.45481872558594,8.687505766425861,28.623817048502172,58.91446112913889,2
142,119.1998291015625,99.00570678710938,79.2236328125,60.118405181544496,52.90900568401984,41.44560969009773,106.44004821777344,83.3668212890625,119.79023742675781,9.252128108376356,27.742665908704026,60.1865654378846,2
143,120.04869079589844,99.84144592285156,79.98814392089844,59.60204324326327,52.737022425528295,41.486688117418375,106.53034973144531,83.34075927734375,120.63761901855469,8.876476441739387,27.992818773576463,59.66241430443993,2
144,100.09516906738281,79.33198547363281,60.73768615722656,58.745789648017514,52.71668047930941,42.71429407845506,106.7877197265625,114.57684326171875,100.18206787109375,6.802959243470579,43.48100743389744,58.77910338793153,2
145,120.45443725585938,99.79145812988281,79.44960021972656,60.26994277954499,52.85100021329061,41.1480005808971,106.57926940917969,84.6090087890625,121.14407348632812,9.080677986728686,27.317520131710477,60.33770821691523,2
146,123.08702087402344,101.89649963378906,80.43284606933594,60.03839621254644,52.28610062257313,39.867573005043674,105.76667785644531,85.67701721191406,123.43463134765625,6.010094443168394,26.164695383963338,60.06127902542335,2
147,126.09953308105469,106.49809265136719,85.993408203125,56.24043941995096,51.69336166434574,42.52566635665467,106.18537902832031,82.04298400878906,127.05812072753906,9.957152183781073,31.02670513918508,56.22693803745625,2
148,140.75071716308594,118.01335144042969,94.99534606933594,60.30288091028417,53.49652420838841,41.3736810997081,106.64373779296875,82.9171142578125,142.63021850585938,6.067951688095413,23.721163544911644,59.870651528763425,2
149,118.41703796386719,98.13273620605469,77.767333984375,58.96928678806238,52.238413472837905,41.30421321864285,105.91966247558594,86.62249755859375,119.03787231445312,6.419279840469409,27.588810504464732,59.06247313172591,2
150,81.56657409667969,42.66796875,35.41070556640625,43.00428990761283,35.55538424079737,30.23437587032021,115.31929016113281,156.33799743652344,81.59281921386719,10.55974320112321,53.232108251687976,43.0227128091066,2
151,78.57566833496094,40.106597900390625,33.15802001953125,42.16089923093775,32.9446120415953,27.280417041185522,116.28759765625,157.01129150390625,78.60682678222656,7.661096759271246,48.244810411409006,42.19231636744667,2
152,88.51480102539062,50.83128356933594,43.01673889160156,39.33854526077871,29.021510467241427,23.26904391035203,115.23419189453125,128.62278747558594,88.53518676757812,9.32742945775246,39.67231691787516,39.3571715394876,2
153,85.77935791015625,45.34599304199219,39.766845703125,48.59930847608169,37.93578848488807,31.63206852918691,117.48345947265625,149.37258911132812,85.98348999023438,10.37984349455723,48.21369764127975,48.77227213966632,2
154,90.8875732421875,55.433837890625,47.331573486328125,38.05864279151755,32.643189280662725,28.065482518979863,113.99015808105469,122.44277954101562,90.91250610351562,9.891278065767173,45.58250298746523,38.079818881509226,2
155,88.86221313476562,51.025726318359375,43.217926025390625,39.185600910728,29.265238810891272,23.564138852061927,115.16909790039062,128.71826171875,88.89193725585938,8.987066561049813,39.933712390155115,39.211303042751794,2
156,88.875244140625,51.38154602050781,43.64591979980469,39.24650490060295,29.572799712149315,24.00552449823712,115.09442138671875,127.65359497070312,88.90237426757812,9.669586923022429,40.54374835778542,39.270669029480636,2
157,88.96806335449219,51.34385681152344,43.48280334472656,39.35290685609268,29.50278684396699,23.857125225005838,114.97097778320312,128.1772003173828,88.98873901367188,9.59432160583366,40.24753030774329,39.37251388972804,2
158,88.537109375,51.35954284667969,43.49945068359375,39.65773670003973,29.44242052346017,23.66892191648124,115.07095336914062,127.222900390625,88.56402587890625,9.374318063441407,40.08086991679389,39.685099534360056,2
159,89.18319702148438,51.80973815917969,43.97407531738281,39.25069986417926,29.60915201956432,24.09188070135277,115.1212158203125,127.29893493652344,89.2078857421875,9.521198161983067,40.71645515691816,39.273554012193294,2
160,88.97970581054688,52.29803466796875,44.33024597167969,37.76093199806741,30.132986894990047,25.204085647484387,114.50602722167969,126.86195373535156,89.01541137695312,10.080135170202428,43.11734145924348,37.79566637548284,2
161,89.78887939453125,52.147003173828125,44.167388916015625,37.729117964730996,29.920438875922624,24.794716174803785,114.86575317382812,128.17555236816406,89.8232421875,9.101771135302645,42.45390230177031,37.7654695330108,2
162,82.40719604492188,43.35102844238281,36.777587890625,45.725270336946714,36.92172035124751,31.21818305122223,116.27217102050781,153.99591064453125,82.51045227050781,11.894419184038991,52.91525098672508,45.82700272852371,2
163,89.57876586914062,52.376129150390625,44.40119934082031,38.10738406789956,29.96943084075617,24.839379119279695,114.68376159667969,127.19020080566406,89.61331176757812,9.872647130485609,42.33669008022974,38.139456897106164,2
164,86.32049560546875,49.36506652832031,41.6827392578125,37.85347371462942,28.385627479440714,22.817063807537725,114.97872924804688,129.67584228515625,86.34640502929688,9.858256260638788,40.28223064044067,37.87614009398211,2
165,87.6220703125,51.61015319824219,43.7427978515625,37.11703486683174,29.658587587559403,24.831854770868,114.58290100097656,126.56092834472656,87.65484619140625,9.522437331207355,43.451954006970944,37.15001364888155,2
166,102.68258666992188,61.339996337890625,53.93681335449219,44.02053512780194,33.24046067268636,27.294977525128015,116.28726196289062,119.5340576171875,102.85250854492188,9.769088453241395,38.50030001900402,44.1221875119649,2
167,103.92974853515625,63.406951904296875,56.13200378417969,42.338345509983064,34.86707340911106,29.974412060050298,115.39907836914062,117.33082580566406,104.08767700195312,12.201163279829727,42.31039254253841,42.440122580382116,2
168,102.82431030273438,62.077392578125,54.795501708984375,43.75199407928144,33.85067392798976,28.244477483745936,116.21469116210938,118.07618713378906,102.96530151367188,10.28720508053449,39.71123117806689,43.84064986054306,2
169,102.79277038574219,62.10453796386719,54.8720703125,43.70969799240404,33.89086695845868,28.27722191550521,116.04359436035156,117.84432983398438,102.93107604980469,10.614928339735606,39.69930539481343,43.795152075478455,2
170,103.05252075195312,62.4384765625,55.198760986328125,43.553741095304154,34.18020757137817,28.65877301423845,115.90859985351562,117.54852294921875,103.21568298339844,10.938729362497137,40.33053165663692,43.658883969127906,2
171,104.71902465820312,64.851806640625,57.61668395996094,42.57504434813866,36.005367460892025,31.27198243382995,115.39830017089844,115.20066833496094,104.86763000488281,11.584520423547486,43.53188129273054,42.669705604821864,2
172,104.61479187011719,64.51007080078125,57.243865966796875,42.501073921684345,35.62196168026215,30.866502473504816,115.41914367675781,115.83110046386719,104.77490234375,12.15621707696022,42.98104040333073,42.60332026896122,2
173,103.56866455078125,62.77056884765625,55.50880432128906,43.48751248589319,34.32911627734457,28.892314239986554,115.89189147949219,117.66514587402344,103.71490478515625,11.575355139494027,40.57838495698475,43.57989868730108,2
174,103.60423278808594,62.88053894042969,55.493133544921875,43.53180312236655,34.23503325727223,28.856277251013193,115.98805236816406,117.616455078125,103.76554870605469,10.727772746874614,40.464073016201446,43.63280946730009,2
175,114.31852722167969,68.79774475097656,60.774749755859375,47.606491336137765,35.757163893325284,28.338679080967715,116.83708190917969,117.76029968261719,114.79885864257812,6.1438315662009755,33.841032005543646,47.742165216060485,2
176,113.51387023925781,68.95916748046875,60.83042907714844,47.13398594541725,35.90211673801145,28.715752295669095,116.54208374023438,116.67716979980469,113.96871948242188,6.541001258574046,35.063646458985254,47.2758411407182,2
177,114.62113952636719,69.06239318847656,60.95567321777344,47.18782049788008,35.803099112230875,28.554160667244126,116.70994567871094,117.86776733398438,115.11163330078125,6.500428825208378,34.29208663356821,47.3285304684916,2
178,114.57717895507812,70.5284423828125,62.27223205566406,47.214031375650656,36.403455788902924,29.312159582675783,116.29570007324219,114.86390686035156,114.99595642089844,7.324864167688231,35.601297021724086,47.347274184345125,2
179,116.11236572265625,71.98078918457031,63.67634582519531,45.2655549751253,37.381493824211084,31.01548871666429,115.64060974121094,114.66448974609375,116.57969665527344,8.082974511128413,38.01931167592241,45.431500485167376,2
180,114.61659240722656,69.08271789550781,60.82469177246094,47.380568706762084,35.41246880942465,28.04694433415813,116.65484619140625,117.77749633789062,115.10491943359375,6.342771703412977,33.7303639012012,47.51711833262897,2
181,115.828369140625,71.55789184570312,63.144866943359375,45.19436403365694,36.70111951203321,30.287284291276375,115.67184448242188,115.20140075683594,116.31845092773438,8.300227635434647,37.50062269816055,45.371403311124155,2
182,114.62297058105469,69.47767639160156,61.327850341796875,47.76726998275426,36.003349008670035,28.68923600740424,116.65634155273438,116.77238464355469,115.10758972167969,6.573628172340255,34.217014364009245,47.90492247848401,2
183,116.777099609375,72.36778259277344,64.04833984375,45.18013869074638,37.21465172457018,30.828027209800144,115.61689758300781,114.49034118652344,117.164794921875,8.475637593204238,37.80867424109753,45.3275234750562,2
184,119.65145874023438,76.16265869140625,69.48521423339844,47.37263496885712,39.25365884010886,33.69994472252184,115.83270263671875,107.98651123046875,120.58769226074219,15.163685027838357,38.42856223812979,47.6481550554121,2
185,119.64242553710938,75.973388671875,69.10693359375,47.07805184689359,38.84769839384728,33.289550802735896,115.72817993164062,108.52212524414062,120.61027526855469,14.915285990701669,38.29904519395351,47.348387806667034,2
186,119.89068603515625,76.7027587890625,69.83503723144531,47.302591573799795,39.50863857039316,34.118436096840234,115.60586547851562,107.42221069335938,120.859130859375,15.251225409285434,39.03597174008754,47.58116643733698,2
187,118.1279296875,74.555419921875,67.78732299804688,49.14233177144232,38.10916974011238,31.567446652692304,116.54847717285156,108.59335327148438,118.97792053222656,13.417873787431118,35.23154282562338,49.38671257857109,2
188,117.64314270019531,73.21864318847656,66.5205078125,48.938967499861874,37.44161431006197,30.657329684190913,117.1103515625,110.89251708984375,118.76171875,11.853281136652788,34.40183941788841,49.22455431424975,2
189,119.99636840820312,77.09848022460938,70.39140319824219,48.046408968725814,39.94682638358109,34.36006491883907,115.69610595703125,106.73115539550781,121.05799865722656,15.547753217108292,38.61806630278542,48.324855875210446,2
190,119.47671508789062,76.42581176757812,69.67401123046875,47.32852582211397,39.5768880458688,34.15012551412854,115.64620971679688,107.38406372070312,120.42623901367188,15.310211393512066,39.035053075327,47.60799225449857,2
191,118.15341186523438,74.16477966308594,67.38963317871094,49.36643913080885,38.00267411799712,31.323372778196603,116.75663757324219,109.640869140625,119.25860595703125,12.471138318717907,34.77824593069752,49.647807324482216,2
192,118.21815490722656,73.62118530273438,66.79933166503906,49.041321445242815,37.58355875035188,30.819609963754843,116.99024963378906,110.79206848144531,119.30805969238281,11.788697994849015,34.483617794504376,49.311532336952496,2
193,118.32832336425781,74.18186950683594,67.377685546875,49.31398748186214,37.95962091603298,31.32348769629131,116.74259948730469,109.967041015625,119.51005554199219,12.480969956895633,34.777759646778556,49.605639834380355,2
194,118.81620788574219,74.06001281738281,67.28143310546875,49.30258720743194,37.58680199847404,30.754652027536917,117.01513671875,110.44578552246094,119.80039978027344,12.15121111347658,34.19607718115468,49.54556766853128,2
195,77.8616943359375,40.72508239746094,34.793243408203125,40.011919228914515,31.67042236238126,26.835123386538264,115.63931274414062,149.8631134033203,77.93342590332031,12.643276816109546,50.8774801849003,40.08474728602362,2
196,76.6876220703125,39.27980041503906,32.39564514160156,41.55224244145928,33.097303864954185,27.373056927599,116.24696350097656,158.5335693359375,76.72705078125,6.902618857412659,46.566933341315575,41.59898530096241,2
197,82.47438049316406,43.58662414550781,35.7950439453125,44.27380196204153,33.696196949869105,28.278481776606498,115.93510437011719,152.56265258789062,82.52215576171875,9.425896185716338,56.49125357230807,44.315719479761825,2
198,105.60305786132812,65.8072509765625,58.49723815917969,41.96056075486092,36.558387604751886,32.07177778609282,114.97308349609375,114.59968566894531,105.75572204589844,12.317777337609527,44.52393147672788,42.05450288233775,2
199,103.74043273925781,63.21211242675781,55.86109924316406,43.598382563088556,34.38774986054969,28.991540815892403,115.85429382324219,117.00262451171875,103.91757202148438,11.313895731753936,40.43593353559605,43.709107340634134,2
200,105.98976135253906,83.8653564453125,66.61520385742188,48.152711198141496,40.401835572735855,30.073070347114296,106.99879455566406,92.07522583007812,105.99444580078125,8.956848886719097,24.346516290401507,48.14525116384156,3
201,107.52513122558594,84.43133544921875,67.07144165039062,47.34806837012929,39.82751986561883,29.766155443055133,108.151123046875,94.34880065917969,107.52574157714844,4.654216597581511,21.54127471160288,47.34718953025802,3
202,108.07206726074219,85.64384460449219,67.84918212890625,48.486237549689996,40.99099929952316,30.48546149180288,107.28323364257812,92.73759460449219,108.0780029296875,6.764849814323489,23.32895909060629,48.476751241232,3
203,100.38894653320312,77.61642456054688,62.685546875,43.92745153575769,35.92775209180961,27.712115778687785,109.05455017089844,94.13343811035156,100.38919067382812,4.281196508168045,21.86085971678238,43.927095408635054,3
204,104.87179565429688,81.38572692871094,65.50509643554688,45.1792077148271,37.517851018339506,28.40668947599014,109.03121948242188,93.93475341796875,104.87196350097656,4.398899087921225,20.58936204230997,45.17895404135789,3
205,102.09654235839844,79.66535949707031,63.86279296875,45.44419375833942,37.40083976233869,28.419374759670127,108.31170654296875,93.44586181640625,102.09806823730469,5.56922551787599,22.95149088410535,45.441961260404696,3
206,106.88758850097656,83.67594909667969,66.51809692382812,46.75023220465399,39.311645135793604,29.42684880856476,108.31155395507812,94.82905578613281,106.88771057128906,4.410321789106301,21.064738408610875,46.750043844452414,3
207,100.75083923339844,77.86534118652344,62.94206237792969,44.15968104527913,36.09605069016283,27.782464637826248,109.0682373046875,93.94866943359375,100.75132751464844,4.374321311011314,22.038783938710665,44.15906873807876,3
208,104.47593688964844,81.68083190917969,65.17747497558594,46.37635296227976,38.552259168921005,29.111408985588533,108.26594543457031,94.2890625,104.47772216796875,4.7216914418171845,21.98102444816928,46.37361500350303,3
209,102.23751831054688,79.06396484375,63.943084716796875,44.72934775545388,36.68849107680642,28.183263139626202,109.13703918457031,93.85504150390625,102.23788452148438,4.3966370841346025,22.03444987784301,44.72882148026071,3
210,101.94064331054688,78.91397094726562,63.68061828613281,44.483575957942875,36.49910514846637,27.917181974511607,109.06214904785156,93.90483093261719,101.94096374511719,4.28811583595977,21.546156704895974,44.4830915219096,3
211,106.26483154296875,83.10108947753906,66.1265869140625,47.171179785846086,39.54384088067624,29.57922221570406,108.34190368652344,94.89651489257812,106.26605224609375,4.669114275133868,21.5283095396114,47.16926598129408,3
212,106.02180480957031,82.93850708007812,66.03390502929688,46.508232100245635,38.92009044568739,29.256103051859448,108.32341003417969,94.63406372070312,106.02215576171875,4.446287795865117,21.43013683371527,46.50768123554838,3
213,106.05897521972656,82.52784729003906,66.02754211425781,44.81308924685186,37.4733570675126,28.13765592161147,108.8062744140625,94.27151489257812,106.05929565429688,4.354395642678576,19.79073976619334,44.81262999994209,3
214,102.75540161132812,79.31599426269531,64.13275146484375,42.59775907108564,35.282249702731605,26.94845664458624,109.34585571289062,93.87171936035156,102.75547790527344,4.179937263294709,19.21334025133642,42.59765186794883,3
215,106.28439331054688,83.032470703125,66.1405029296875,46.45142501394091,38.93642954862754,29.19171497672273,108.45088195800781,94.81610107421875,106.28494262695312,4.465313447623692,21.293572361388915,46.45062374051546,3
216,104.2852783203125,81.45114135742188,65.07191467285156,46.10941246684642,38.37480984710928,28.933193752442058,108.51100158691406,94.21061706542969,104.28544616699219,4.53567615831777,21.958984236943916,46.10915512541196,3
217,102.33174133300781,79.76315307617188,63.948883056640625,45.86294881525552,37.78467703413297,28.666098265939098,108.36415100097656,93.704833984375,102.33427429199219,5.230867727095628,22.701956962420898,45.85926587326729,3
218,105.73605346679688,82.72955322265625,65.83027648925781,46.703355377495875,39.20845050448308,29.339066797298557,108.40899658203125,94.77928161621094,105.73626708984375,4.502300531632329,21.56699748887398,46.70305665697315,3
219,98.51600646972656,76.05429077148438,61.71669006347656,43.24226181558606,35.08270537359528,27.324930684638467,109.12155151367188,93.47370910644531,98.51634216308594,4.346021706444119,22.66193042366862,43.241796608148725,3
220,104.2242431640625,78.85610961914062,63.18128967285156,43.30655399655006,34.96252246619115,26.46289894185927,109.44407653808594,98.79977416992188,104.2242431640625,3.7135086498066485,17.196007587546415,43.30655399655006,3
221,111.09300231933594,86.03848266601562,67.43446350097656,48.0753107785315,40.249458441407675,29.79443798021939,108.10281372070312,99.70960998535156,111.09304809570312,4.124506586608367,20.160162905848978,48.07524736991833,3
222,108.1719970703125,82.68119812011719,65.40481567382812,45.97242893234427,37.7587072720777,28.14418622928196,108.75509643554688,99.58415222167969,108.1719970703125,3.8141511893079705,17.97004406876271,45.97242893234427,3
223,106.08663940429688,80.93948364257812,64.2171630859375,45.265303421151785,36.974938228599726,27.68320635635828,108.91465759277344,99.52818298339844,106.08668518066406,3.9712246220434433,19.464749266821496,45.26524248749712,3
224,107.88821411132812,82.04154968261719,65.24722290039062,44.05145082828945,36.1025011924307,26.8353326483442,109.17086791992188,99.10227966308594,107.88821411132812,3.9010367967360224,16.137624802190103,44.05145082828945,3
225,104.04368591308594,79.9610595703125,64.25923156738281,43.61725815374653,35.83572090217361,27.25242643557282,109.09196472167969,95.81544494628906,104.04469299316406,4.180663453198749,20.476527776904966,43.61575702049584,3
226,101.8824462890625,78.15470886230469,62.921234130859375,43.046759153338286,34.96560513683292,26.807802132334054,108.96835327148438,95.57308959960938,101.88633728027344,4.673152464164235,21.19787592083132,43.041050381234115,3
227,103.27700805664062,79.19332885742188,63.69960021972656,43.64130281857511,35.62162310170823,27.190682349424133,109.13577270507812,96.13037109375,103.27828979492188,4.37121050738803,20.98851647769692,43.639445023599656,3
228,102.10661315917969,78.85148620605469,63.44798278808594,44.593425292446426,35.92001857324718,27.2807244279396,107.89205932617188,93.5745849609375,102.12649536132812,8.473714624271329,24.143012696919204,44.56738140721113,3
229,104.6669921875,81.01457214355469,64.9705810546875,45.90147603597502,37.394492094363386,28.1163683804045,108.06289672851562,94.08271789550781,104.68208312988281,7.5311656541943774,23.03497527349115,45.88174882803584,3
230,102.42733764648438,78.95538330078125,63.452484130859375,44.436577334904804,35.928643512291885,27.285672707728384,108.28189086914062,94.4593505859375,102.44287109375,6.8451727216102,22.871450917218393,44.41555662569256,3
231,105.11888122558594,80.636474609375,64.84616088867188,44.17462165577608,36.295326543909795,27.537276369958633,109.23484802246094,96.34573364257812,105.11981201171875,4.294694855454037,20.055416529317093,44.1732493575303,3
232,105.07720947265625,81.27671813964844,65.0347900390625,45.598706056417846,37.264981060289415,28.055737925107632,108.24417114257812,94.81814575195312,105.09109497070312,6.478266575726795,22.141685155221047,45.57984578028704,3
233,102.58323669433594,78.64401245117188,63.39405822753906,43.506353145667454,35.37729614364829,27.082843545766046,109.12652587890625,95.66740417480469,102.58674621582031,4.890074049519035,21.203485327918198,43.501454444819935,3
234,108.43003845214844,83.06781005859375,65.4410400390625,45.96748450534366,38.074534882037014,27.936712452063077,108.70559692382812,99.66461181640625,108.43019104003906,3.9351194654859953,16.502671536526368,45.967275609960595,3
235,102.06802368164062,78.22039794921875,63.069671630859375,43.391499352297735,35.144477319660126,26.959044832049067,109.08450317382812,95.6270751953125,102.07223510742188,4.7205572992567415,21.278071889854456,43.38556325534782,3
236,106.63072204589844,80.79452514648438,64.48216247558594,44.089425869637886,35.924056817257885,26.731331886573564,109.33657836914062,99.08772277832031,106.63072204589844,3.91978855873332,16.07000138409053,44.089425869637886,3
237,108.03408813476562,81.97802734375,65.30523681640625,44.61884918943229,36.48042302425438,27.122011093562875,109.25093078613281,99.31306457519531,108.03408813476562,3.8083762822970835,15.647752893801357,44.61884918943229,3
238,111.75984191894531,86.00088500976562,67.484130859375,46.12677497272262,38.704640071122185,28.265148725023888,108.52513122558594,99.68769836425781,111.75985717773438,4.058660687443264,16.499133982003002,46.126749745871685,3
239,108.54679870605469,82.44828796386719,65.55035400390625,44.45005008937018,36.56199768199396,27.041325296672543,109.2257080078125,99.42414855957031,108.54682922363281,3.76361729889651,15.717313699488388,44.45000268463928,3
240,108.98663330078125,83.41094970703125,65.84664916992188,46.25745629341936,38.281733953910425,28.140486953566597,108.7691650390625,99.47511291503906,108.98663330078125,3.9050543652821252,16.916584418460733,46.25745629341936,3
241,107.17890930175781,81.98472595214844,64.74371337890625,45.52958225413625,37.497523866548946,27.805784885970752,108.75924682617188,99.72819519042969,107.1790771484375,3.993523879689598,18.307788788496698,45.529313648962585,3
242,110.21125793457031,84.551513671875,66.61650085449219,46.300730355336945,38.39288412161288,28.226911853673318,108.67982482910156,99.37312316894531,110.21125793457031,3.90727870124438,17.32213383167998,46.300730355336945,3
243,108.39051818847656,82.50028991699219,65.51054382324219,43.99821407300306,36.18051749363674,26.76491315292562,109.15975952148438,99.0870361328125,108.39057922363281,3.9616911685322385,16.401558827958265,43.99812128106859,3
244,113.29957580566406,87.67831420898438,68.62535095214844,48.559620096553694,40.99875215076463,29.987216067364884,108.2054443359375,99.87457275390625,113.29959106445312,4.164234535356552,18.405108011530213,48.55959250746422,3
245,112.78463745117188,86.74850463867188,68.24183654785156,46.91410256636407,39.239165902300094,28.55504876774103,108.61061096191406,99.13931274414062,112.78468322753906,4.024969711923473,16.13657079910823,46.9140320346591,3
246,109.2447509765625,83.82487487792969,65.9866943359375,45.822896312342145,37.95431323743599,28.093847329508947,108.602783203125,99.79946899414062,109.24484252929688,4.047481351518465,18.255295336518156,45.822735319439175,3
247,108.72743225097656,83.37519836425781,65.71969604492188,45.850602753532385,37.86618357307225,27.909338308175446,108.626220703125,99.43490600585938,108.72744750976562,3.9039952522775634,18.143848088685218,45.85058204463138,3
248,112.8975830078125,87.50312805175781,68.4481201171875,48.51165168681394,40.88601570828949,30.02314465901333,108.14723205566406,99.77206420898438,112.89761352539062,4.14592150540884,19.187676184089792,48.51160142502373,3
249,107.77873229980469,81.98731994628906,65.111328125,44.03550577657085,36.045979798734955,26.886909649343178,109.08305358886719,99.2652587890625,107.77873229980469,3.770081605135901,16.57456018256678,44.03550577657085,3
250,96.90603637695312,74.39234924316406,60.42634582519531,41.68925714809752,33.21140671622345,25.901811641326717,108.40403747558594,93.10350036621094,96.91688537597656,8.182110817762275,24.458396919792357,41.67475117841156,3
251,93.50929260253906,71.25347900390625,58.4610595703125,40.161972997158536,31.927557774061942,25.68187304835537,109.37252807617188,93.67117309570312,93.51460266113281,4.892850774508079,22.888006389593162,40.1548212342439,3
252,95.66427612304688,73.373046875,59.886932373046875,41.337707383035585,32.68811612250586,25.719218748363808,108.32354736328125,92.34562683105469,95.68031311035156,8.199866821053293,24.82146400143855,41.316657058773686,3
253,97.37704467773438,74.15376281738281,60.43269348144531,40.81049770352034,32.945794069412784,26.026362364875244,109.55722045898438,95.33570861816406,97.37950134277344,4.370864087323565,21.207604003525955,40.806874736101804,3
254,97.85671997070312,75.09591674804688,60.852081298828125,41.8688298204102,33.52599113696306,26.204512670829352,108.68484497070312,94.15278625488281,97.86763000488281,5.942230316609571,22.7832603544977,41.853872623682406,3
255,96.10948181152344,73.12794494628906,59.9324951171875,40.799157472027304,32.767699182349936,26.16445946669922,109.65675354003906,94.65719604492188,96.11170959472656,4.265073494287009,21.673186161426194,40.796094635329574,3
256,98.51417541503906,75.64125061035156,61.1201171875,42.11875417909015,33.74724436339206,26.204795770488,108.65908813476562,94.36117553710938,98.52288818359375,5.672161971781729,22.922490410853936,42.10683435121038,3
257,95.43531799316406,72.36891174316406,59.35609436035156,39.541938211439366,32.03496210883091,25.56649154454608,110.02891540527344,95.25546264648438,95.4356689453125,3.7813472621687776,20.613624735230896,39.54141397178975,3
258,97.0540771484375,73.91142272949219,60.14976501464844,40.409918995230356,32.57054271611132,25.744254663889116,109.59403991699219,95.49667358398438,97.0550537109375,3.7724434831890923,20.927809118523676,40.40843179285795,3
259,96.96238708496094,73.87248229980469,60.27015686035156,40.69179835134439,32.691091735519635,25.88422140959171,109.59002685546875,94.93980407714844,96.9637451171875,4.082685058198224,21.145242967554825,40.68985318100897,3
260,103.61152648925781,80.398193359375,66.22869873046875,40.59415198483132,33.166359871954164,26.370170046425578,109.18769836425781,91.15966796875,103.61233520507812,4.499861180891821,16.730127751956545,40.592925850358654,3
261,100.666748046875,77.48843383789062,64.42567443847656,39.06098234890566,31.9140020732792,25.58316539139217,109.84355163574219,90.99159240722656,100.666748046875,3.5582891586364216,15.664515641540387,39.06098234890566,3
262,103.9407958984375,80.21470642089844,66.27029418945312,39.590066000564406,32.41121668417777,25.644094212981532,109.5848388671875,91.37155151367188,103.94468688964844,3.519187205494682,15.334167705765694,39.59238118756467,3
263,106.63922119140625,82.88809204101562,67.94319152832031,40.71065821938004,33.754649940776176,26.232963774574372,109.21563720703125,91.51374816894531,106.63932800292969,3.7035959760127066,15.502328814831762,40.710484691069674,3
264,105.63172912597656,81.77265930175781,67.31578063964844,39.44566815020726,32.746260300123524,25.441010080013218,109.56045532226562,91.3095703125,105.63563537597656,3.6141837471158005,14.690570364280234,39.44780176362536,3
265,105.50518798828125,81.88063049316406,67.26666259765625,40.81001930557613,33.66328585809192,26.267328208170124,109.30158996582031,91.50602722167969,105.50534057617188,3.7640931351670637,15.74035524544084,40.80977363409575,3
266,103.30606079101562,79.72386169433594,65.78121948242188,39.07077081046448,32.196116708507326,25.18458260045134,109.64181518554688,91.46421813964844,103.30995178222656,3.6451863560503743,15.387058443993133,39.07317997544698,3
267,103.71943664550781,80.55873107910156,65.99362182617188,40.121963392081916,33.081880180331595,25.916885555125877,109.07118225097656,91.80122375488281,103.72080993652344,3.709993578140159,16.2417974066756,40.11981427382813,3
268,105.61824035644531,81.84925842285156,67.20048522949219,40.47648517326794,33.456317678823126,26.082521449806027,109.33473205566406,91.76689147949219,105.61831665039062,3.7344975441102646,15.577652775963617,40.47637977301843,3
269,105.81257629394531,82.16914367675781,67.44007873535156,40.81932207130888,33.72653174456571,26.27817402236798,109.23886108398438,91.469970703125,105.81288146972656,3.699713430063072,15.666289635908464,40.818840128474356,3
270,105.40242004394531,81.84188842773438,67.13389587402344,40.664811467980456,33.57198914751045,26.180426559908963,109.2237548828125,91.54371643066406,105.40257263183594,3.66610013471128,15.84133284867527,40.6645773123959,3
271,106.41961669921875,82.15226745605469,68.091796875,39.41606407144593,32.077476058154495,24.59809939788107,109.83885192871094,89.49153137207031,106.44317626953125,3.982799005138315,16.654460440071876,39.42917094370355,3
272,105.95919799804688,81.92732238769531,67.75471496582031,39.600758527069814,32.21620165753691,24.78124939752237,109.576904296875,89.61663818359375,106.00326538085938,4.037627439288717,16.748964382541494,39.62204850356097,3
273,106.23985290527344,81.71463012695312,67.81092834472656,38.52238957777767,31.52998765703445,24.40723098580672,109.99653625488281,90.34693908691406,106.26327514648438,3.6749285294826755,16.02566884279213,38.53555626744961,3
274,105.086669921875,81.63284301757812,66.97233581542969,40.66259748254859,33.5817378298404,26.189263359868306,109.20370483398438,91.60995483398438,105.09138488769531,3.8369090476358894,15.706233010924926,40.66343240984647,3
275,77.65658569335938,58.94786071777344,47.320709228515625,29.112798564322308,23.457135277686373,18.096682542064027,108.96879577636719,98.60401916503906,77.65684509277344,3.8039077489653206,19.50322477676428,29.112421366824318,3
276,94.28987121582031,71.9302978515625,58.59410095214844,35.47374954364248,28.681431373349817,22.05689708403357,109.60746765136719,94.72541809082031,94.28987121582031,3.667107745831123,16.493058055681516,35.47374954364248,3
277,96.90945434570312,75.31100463867188,61.64875793457031,38.78554134597212,31.256469326325664,24.278323202441616,109.40022277832031,89.70327758789062,96.91082763671875,5.149429610799701,23.18347821948037,38.78322567424973,3
278,101.56674194335938,80.32237243652344,66.66790771484375,39.153448044267876,32.14336235322261,25.18209208126163,106.88087463378906,85.59056091308594,101.63845825195312,12.833467616209767,19.351644709664033,39.051275268093605,3
279,104.4842529296875,80.69805908203125,66.59516906738281,41.05005135369632,33.354430801531684,26.193770700543975,109.66677856445312,90.5467529296875,104.48614501953125,4.161175986909554,20.713225259195514,41.0471087162939,3
280,103.82716369628906,80.32736206054688,66.28253173828125,40.696322848729444,32.998701769256236,25.950495803693016,109.48431396484375,90.0687255859375,103.82965087890625,4.710448180750475,20.97056567998033,40.69233793872171,3
281,103.83161926269531,80.85923767089844,66.46566772460938,41.94936314142623,33.73632319893956,26.252472316720553,108.20382690429688,88.70394897460938,103.84608459472656,9.055104808832647,23.511508158766425,41.929127515873205,3
282,108.04460144042969,84.14479064941406,68.83676147460938,43.80472418508349,35.91053698976706,27.464382250340396,108.86698913574219,90.28157043457031,108.05181884765625,5.944760086822025,21.19103908839866,43.79489187182496,3
283,103.95516967773438,80.41413879394531,66.24951171875,40.90039025911213,33.167098299241914,25.9871224965415,109.52099609375,90.32072448730469,103.95686340332031,4.342490665467485,20.993096694525658,40.89771650750164,3
284,101.64826965332031,78.14340209960938,65.32894897460938,40.06320866117746,32.5492233317469,26.380312855264524,110.18634033203125,89.98304748535156,101.64936828613281,3.8985400707190676,20.395297808447292,40.06160718832411,3
285,103.2197265625,79.52534484863281,65.77989196777344,39.34858092205523,32.257391480843786,25.465591835212194,109.97637939453125,90.83148193359375,103.21980285644531,3.923519317471932,19.51163972021447,39.348475987753204,3
286,104.57400512695312,80.96388244628906,66.48762512207031,40.88368418893196,33.33445477411838,25.94913082952315,109.41526794433594,90.81405639648438,104.57545471191406,4.3552173464699715,20.435557269231637,40.88141525768421,3
287,101.95326232910156,78.3486328125,65.213623046875,39.63786416946891,32.22994358151309,25.790030842894268,110.19679260253906,90.45892333984375,101.953369140625,3.8851833607670585,19.931979446390912,39.63772667366183,3
288,100.72311401367188,77.45347595214844,64.67713928222656,39.45525474350894,32.00693964768622,25.844817344851844,110.15696716308594,89.83224487304688,100.72343444824219,3.7647137261145853,20.144925393409945,39.45482906464043,3
289,101.03889465332031,77.71780395507812,64.86782836914062,39.73503893743233,32.302003333343094,25.958363317416225,110.25517272949219,89.892333984375,101.03965759277344,4.2301382503863065,20.54287638900081,39.73388996650167,3
290,102.02491760253906,78.59640502929688,65.188232421875,39.27770918168887,31.9962296441537,25.579660479085273,110.00155639648438,90.45814514160156,102.02493286132812,3.8786443321054502,19.957686559556453,39.27768605715934,3
291,102.66441345214844,79.34860229492188,65.65170288085938,40.66292033643261,32.87486767922121,26.077635769182713,109.45213317871094,89.89230346679688,102.66616821289062,5.435313297540417,21.362120156477513,40.66039894568055,3
292,105.96928405761719,81.74746704101562,67.81719970703125,39.10960073799496,31.72335071398662,24.46853487234134,109.80033874511719,89.53956604003906,106.01608276367188,3.803838041401432,16.552182722766524,39.13516036125267,3
293,105.92237854003906,81.64445495605469,67.61695861816406,37.81151538208973,30.90111211483561,23.957997606121392,109.89215087890625,90.21841430664062,105.96128845214844,3.666846878179781,16.26433300510079,37.83369329338362,3
294,107.87838745117188,83.09318542480469,68.80056762695312,38.437167877595606,31.74105490683437,24.518468449068262,109.95976257324219,90.73971557617188,107.91738891601562,3.620440318912635,15.262119202007648,38.45727759562559,3
295,106.62127685546875,82.05491638183594,67.95758056640625,38.14622033901712,31.39852287461319,24.27262784608507,110.0111083984375,90.6844482421875,106.66032409667969,3.8100055738311958,15.953863569101399,38.168014819558735,3
296,102.59989929199219,78.42082214355469,65.82453918457031,37.1583837481926,30.279951200988357,24.039782732168483,110.59344482421875,89.75248718261719,102.63887023925781,3.7202304364613763,15.947234932126213,37.18467650741291,3
297,105.4525146484375,80.7076416015625,67.22596740722656,37.8343989695294,31.1532409287652,24.45316638645484,110.39987182617188,90.97544860839844,105.47605895996094,3.70243878573125,14.856299945937502,37.84876804468581,3
298,106.43812561035156,81.96310424804688,67.94374084472656,38.47912886019124,31.42999985912972,24.36762006810317,109.87030029296875,90.37887573242188,106.46554565429688,3.58785937165347,15.605348245175751,38.49472013699289,3
299,105.7735595703125,81.34370422363281,67.62457275390625,38.52179202814853,31.432046663717802,24.494317773945358,110.03713989257812,90.16902160644531,105.82029724121094,3.7017724024303424,15.729166813743266,38.548262556850496,3
